Merchant_ID,TOTAL,PERIOD,Date
870346,-2630021.59,180326MARRE,19-Mar-26
1132467,-114037.51,180326MARRE,19-Mar-26
861243,-71238.75,180326MARRE,19-Mar-26
28657,-32734.44,180326MARRE,19-Mar-26
1172568,-31874.04,180326MARRE,19-Mar-26
694225,-31394.32,180326MARRE,19-Mar-26
976844,-24269.14,180326MARRE,19-Mar-26
80681,-20670.76,180326MARRE,19-Mar-26
1246613,-20496.52,180326MARRE,19-Mar-26
1224475,-18340.09,180326MARRE,19-Mar-26
1166011,-17627.37,180326MARRE,19-Mar-26
1188048,-16086.1,180326MARRE,19-Mar-26
22764,-14981.73,180326MARRE,19-Mar-26
1058703,-13199.3,180326MARRE,19-Mar-26
57206,-12499.69,180326MARRE,19-Mar-26
77338,-12065.68,180326MARRE,19-Mar-26
115745,-11756.5,180326MARRE,19-Mar-26
1180927,-11057.69,180326MARRE,19-Mar-26
1230880,-10749.19,180326MARRE,19-Mar-26
1180437,-10073.79,180326MARRE,19-Mar-26
1190668,-9349.79,180326MARRE,19-Mar-26
590894,-9300.02,180326MARRE,19-Mar-26
222802,-8835.12,180326MARRE,19-Mar-26
241085,-8584,180326MARRE,19-Mar-26
95227,-8495.76,180326MARRE,19-Mar-26
5.45214E+12,-8370.02,180326MARRE,19-Mar-26
1217081,-8236.94,180326MARRE,19-Mar-26
1181075,-7954.28,180326MARRE,19-Mar-26
1216567,-7900.63,180326MARRE,19-Mar-26
1225411,-7882.45,180326MARRE,19-Mar-26
1234588,-7875.99,180326MARRE,19-Mar-26
1260727,-7776.43,180326MARRE,19-Mar-26
1178938,-7646.36,180326MARRE,19-Mar-26
57203,-7644.93,180326MARRE,19-Mar-26
1258994,-7622.1,180326MARRE,19-Mar-26
57210,-7598.56,180326MARRE,19-Mar-26
745712,-6990.63,180326MARRE,19-Mar-26
76128,-6833.46,180326MARRE,19-Mar-26
1216842,-6553.12,180326MARRE,19-Mar-26
1190473,-6366.29,180326MARRE,19-Mar-26
57206,-6309.6,180326MARRE,19-Mar-26
1190118,-6227.81,180326MARRE,19-Mar-26
1183423,-6118.39,180326MARRE,19-Mar-26
1217083,-5928.3,180326MARRE,19-Mar-26
336727,-5807.5,180326MARRE,19-Mar-26
1263663,-5804.5,180326MARRE,19-Mar-26
1174464,-5771.56,180326MARRE,19-Mar-26
1224457,-5770.31,180326MARRE,19-Mar-26
1189882,-5741.04,180326MARRE,19-Mar-26
1190994,-5445.89,180326MARRE,19-Mar-26
362067,-5315,180326MARRE,19-Mar-26
81037,-5137.52,180326MARRE,19-Mar-26
1184242,-4897.89,180326MARRE,19-Mar-26
209266,-4765.06,180326MARRE,19-Mar-26
1181442,-4675.5,180326MARRE,19-Mar-26
98733,-4544.56,180326MARRE,19-Mar-26
859143,-4400,180326MARRE,19-Mar-26
90753,-4326.61,180326MARRE,19-Mar-26
57191,-4212.6,180326MARRE,19-Mar-26
25316,-3954.75206,180326MARRE,19-Mar-26
1216597,-3934.32,180326MARRE,19-Mar-26
275042,-3837.5,180326MARRE,19-Mar-26
1238088,-3802.58,180326MARRE,19-Mar-26
101044,-3603.64,180326MARRE,19-Mar-26
844400,-3592.98,180326MARRE,19-Mar-26
1174464,-3519.03,180326MARRE,19-Mar-26
1257362,-3351.02,180326MARRE,19-Mar-26
1190575,-3342.43,180326MARRE,19-Mar-26
1179888,-3315.37,180326MARRE,19-Mar-26
1231199,-3312.32,180326MARRE,19-Mar-26
1456659,-3292,180326MARRE,19-Mar-26
57193,-3274.46,180326MARRE,19-Mar-26
1227493,-3259.62,180326MARRE,19-Mar-26
1217223,-3159.88,180326MARRE,19-Mar-26
1183428,-3157.35,180326MARRE,19-Mar-26
1178801,-3142.05,180326MARRE,19-Mar-26
682574,-3094.44,180326MARRE,19-Mar-26
74669,-3091.7,180326MARRE,19-Mar-26
1186538,-3054.89,180326MARRE,19-Mar-26
1225387,-3011.2,180326MARRE,19-Mar-26
1187998,-2991.44,180326MARRE,19-Mar-26
307160,-2990,180326MARRE,19-Mar-26
248947,-2960,180326MARRE,19-Mar-26
1212014,-2956.62,180326MARRE,19-Mar-26
1212002,-2905.31,180326MARRE,19-Mar-26
1257669,-2903,180326MARRE,19-Mar-26
97556,-2877.5,180326MARRE,19-Mar-26
1211879,-2868.17,180326MARRE,19-Mar-26
1190089,-2814.53,180326MARRE,19-Mar-26
1191252,-2775.77,180326MARRE,19-Mar-26
227263,-2743.73,180326MARRE,19-Mar-26
1234892,-2742.08,180326MARRE,19-Mar-26
1229955,-2733.44,180326MARRE,19-Mar-26
1191543,-2698.79,180326MARRE,19-Mar-26
523061,-2697.5,180326MARRE,19-Mar-26
1257170,-2674.32,180326MARRE,19-Mar-26
837902,-2575.2,180326MARRE,19-Mar-26
122222,-2507.54,180326MARRE,19-Mar-26
203069,-2507.54,180326MARRE,19-Mar-26
254561,-2507.54,180326MARRE,19-Mar-26
244411,-2507.5,180326MARRE,19-Mar-26
335973,-2507.5,180326MARRE,19-Mar-26
421200,-2507.5,180326MARRE,19-Mar-26
444382,-2507.5,180326MARRE,19-Mar-26
444810,-2507.5,180326MARRE,19-Mar-26
550836,-2507.5,180326MARRE,19-Mar-26
577336,-2507.5,180326MARRE,19-Mar-26
64815,-2494.52,180326MARRE,19-Mar-26
1194344,-2469.6,180326MARRE,19-Mar-26
1285280,-2462.72,180326MARRE,19-Mar-26
1186122,-2441,180326MARRE,19-Mar-26
320056,-2387.5,180326MARRE,19-Mar-26
275283,-2385,180326MARRE,19-Mar-26
1230875,-2375.35,180326MARRE,19-Mar-26
1225823,-2371.32,180326MARRE,19-Mar-26
1188856,-2356.26,180326MARRE,19-Mar-26
1186073,-2296.98,180326MARRE,19-Mar-26
226991,-2279.2,180326MARRE,19-Mar-26
187922,-2270,180326MARRE,19-Mar-26
228975,-2257.5,180326MARRE,19-Mar-26
301019,-2257.5,180326MARRE,19-Mar-26
336458,-2257.5,180326MARRE,19-Mar-26
485228,-2257.5,180326MARRE,19-Mar-26
522747,-2257.5,180326MARRE,19-Mar-26
1193787,-2154.91,180326MARRE,19-Mar-26
966514,-2145.92,180326MARRE,19-Mar-26
336823,-2137.5,180326MARRE,19-Mar-26
1191631,-2124.4,180326MARRE,19-Mar-26
318287,-2120,180326MARRE,19-Mar-26
388571,-2120,180326MARRE,19-Mar-26
518758,-2120,180326MARRE,19-Mar-26
1190512,-2075.85,180326MARRE,19-Mar-26
57194,-2072.89,180326MARRE,19-Mar-26
303405,-2007.5,180326MARRE,19-Mar-26
1229060,-2005.27,180326MARRE,19-Mar-26
1185401,-1962.92,180326MARRE,19-Mar-26
335879,-1932.54,180326MARRE,19-Mar-26
1258009,-1926.72,180326MARRE,19-Mar-26
1221975,-1919.64,180326MARRE,19-Mar-26
1335227,-1870,180326MARRE,19-Mar-26
1220101,-1819.53,180326MARRE,19-Mar-26
1186831,-1812.37,180326MARRE,19-Mar-26
1230149,-1809.55,180326MARRE,19-Mar-26
26485,-1774.15,180326MARRE,19-Mar-26
1216083,-1748.38,180326MARRE,19-Mar-26
1213944,-1742.74,180326MARRE,19-Mar-26
1212695,-1740.92,180326MARRE,19-Mar-26
1184139,-1724.87,180326MARRE,19-Mar-26
385364,-1720,180326MARRE,19-Mar-26
1216652,-1704.15,180326MARRE,19-Mar-26
1190736,-1703.21,180326MARRE,19-Mar-26
57209,-1702.53,180326MARRE,19-Mar-26
1216500,-1700.63,180326MARRE,19-Mar-26
328936,-1700,180326MARRE,19-Mar-26
42376,-1686.77,180326MARRE,19-Mar-26
61232,-1627.91,180326MARRE,19-Mar-26
20915,-1625.53,180326MARRE,19-Mar-26
1215412,-1622.28,180326MARRE,19-Mar-26
445026,-1620,180326MARRE,19-Mar-26
1227264,-1600.64,180326MARRE,19-Mar-26
1213943,-1559.24,180326MARRE,19-Mar-26
615867,-1547.48,180326MARRE,19-Mar-26
108205,-1534,180326MARRE,19-Mar-26
1191438,-1528.19,180326MARRE,19-Mar-26
1182504,-1523.1,180326MARRE,19-Mar-26
1220573,-1517.83,180326MARRE,19-Mar-26
1193354,-1496.37,180326MARRE,19-Mar-26
1224396,-1486.78,180326MARRE,19-Mar-26
1179572,-1463,180326MARRE,19-Mar-26
168066,-1457.52,180326MARRE,19-Mar-26
1191583,-1436.91,180326MARRE,19-Mar-26
20256,-1426.569176,180326MARRE,19-Mar-26
234289,-1420.02,180326MARRE,19-Mar-26
234434,-1420.02,180326MARRE,19-Mar-26
234505,-1420.02,180326MARRE,19-Mar-26
1189140,-1415.27,180326MARRE,19-Mar-26
1191632,-1406.45,180326MARRE,19-Mar-26
1186212,-1401.15,180326MARRE,19-Mar-26
1220442,-1388.92,180326MARRE,19-Mar-26
1311381,-1384.95,180326MARRE,19-Mar-26
1221632,-1384.21,180326MARRE,19-Mar-26
23299,-1381.765372,180326MARRE,19-Mar-26
1191192,-1369.16,180326MARRE,19-Mar-26
1191470,-1356.92,180326MARRE,19-Mar-26
525211,-1320,180326MARRE,19-Mar-26
309216,-1300,180326MARRE,19-Mar-26
1178179,-1278.39,180326MARRE,19-Mar-26
1181063,-1271.29,180326MARRE,19-Mar-26
1267385,-1270.34,180326MARRE,19-Mar-26
1187665,-1269.21,180326MARRE,19-Mar-26
1211884,-1261.88,180326MARRE,19-Mar-26
1191063,-1255.3,180326MARRE,19-Mar-26
57178,-1244.93,180326MARRE,19-Mar-26
1181306,-1224,180326MARRE,19-Mar-26
321261,-1220,180326MARRE,19-Mar-26
1219786,-1200.72,180326MARRE,19-Mar-26
536269,-1200,180326MARRE,19-Mar-26
57198,-1198.06312,180326MARRE,19-Mar-26
1229003,-1185.66,180326MARRE,19-Mar-26
36570,-1174.39,180326MARRE,19-Mar-26
1221835,-1169.66,180326MARRE,19-Mar-26
1271599,-1163.04,180326MARRE,19-Mar-26
1416051,-1159.72,180326MARRE,19-Mar-26
356071,-1157.5,180326MARRE,19-Mar-26
1220397,-1147.08,180326MARRE,19-Mar-26
1272335,-1143.3,180326MARRE,19-Mar-26
1190005,-1110.37,180326MARRE,19-Mar-26
1191530,-1106.39,180326MARRE,19-Mar-26
1221442,-1089.68,180326MARRE,19-Mar-26
1224933,-1085.24,180326MARRE,19-Mar-26
1222037,-1082.15,180326MARRE,19-Mar-26
1190404,-1073.69,180326MARRE,19-Mar-26
976948,-1061.52,180326MARRE,19-Mar-26
141,-1059.922608,180326MARRE,19-Mar-26
1219617,-1050.16,180326MARRE,19-Mar-26
1193791,-1039.79,180326MARRE,19-Mar-26
1225847,-1039.79,180326MARRE,19-Mar-26
1181484,-1027.75,180326MARRE,19-Mar-26
1180062,-1018.16,180326MARRE,19-Mar-26
158522,-1001.22,180326MARRE,19-Mar-26
111306,-982.22,180326MARRE,19-Mar-26
1253989,-980.06,180326MARRE,19-Mar-26
1225061,-977.7,180326MARRE,19-Mar-26
1211811,-964.52,180326MARRE,19-Mar-26
1190123,-962.68,180326MARRE,19-Mar-26
1191377,-961.7,180326MARRE,19-Mar-26
1190090,-960.76,180326MARRE,19-Mar-26
1216786,-948.53,180326MARRE,19-Mar-26
1282941,-943.82,180326MARRE,19-Mar-26
1227222,-941.94,180326MARRE,19-Mar-26
1189908,-936.6,180326MARRE,19-Mar-26
1276712,-936.19,180326MARRE,19-Mar-26
296336,-920,180326MARRE,19-Mar-26
461060,-920,180326MARRE,19-Mar-26
497274,-920,180326MARRE,19-Mar-26
563736,-920,180326MARRE,19-Mar-26
1179514,-915.56,180326MARRE,19-Mar-26
65283,-913.12,180326MARRE,19-Mar-26
1235691,-911.06,180326MARRE,19-Mar-26
1190079,-906.27,180326MARRE,19-Mar-26
302648,-900,180326MARRE,19-Mar-26
575348,-900,180326MARRE,19-Mar-26
1231429,-898.04,180326MARRE,19-Mar-26
1277053,-888.39,180326MARRE,19-Mar-26
1178423,-886.8,180326MARRE,19-Mar-26
95220,-885,180326MARRE,19-Mar-26
1133625,-882,180326MARRE,19-Mar-26
32261,-874.9876,180326MARRE,19-Mar-26
1231522,-873.45,180326MARRE,19-Mar-26
1230751,-867.6,180326MARRE,19-Mar-26
1181484,-855.01,180326MARRE,19-Mar-26
1183314,-845.96,180326MARRE,19-Mar-26
1216850,-839.37,180326MARRE,19-Mar-26
147438,-838.48,180326MARRE,19-Mar-26
25485,-834.69,180326MARRE,19-Mar-26
195454,-828.36,180326MARRE,19-Mar-26
1224558,-827.14,180326MARRE,19-Mar-26
586762,-820,180326MARRE,19-Mar-26
1170362,-814.98,180326MARRE,19-Mar-26
35340,-809.91,180326MARRE,19-Mar-26
320789,-807.5,180326MARRE,19-Mar-26
338503,-807.5,180326MARRE,19-Mar-26
1235902,-801.48,180326MARRE,19-Mar-26
1230901,-800.85,180326MARRE,19-Mar-26
333383,-800,180326MARRE,19-Mar-26
390007,-800,180326MARRE,19-Mar-26
1189426,-796.66,180326MARRE,19-Mar-26
529085,-793.5,180326MARRE,19-Mar-26
1259425,-790.44,180326MARRE,19-Mar-26
1192347,-788,180326MARRE,19-Mar-26
1215440,-782.92,180326MARRE,19-Mar-26
1234513,-782.92,180326MARRE,19-Mar-26
1180534,-767.04,180326MARRE,19-Mar-26
478743,-757.5,180326MARRE,19-Mar-26
1220720,-753.74,180326MARRE,19-Mar-26
1221928,-744.33,180326MARRE,19-Mar-26
150,-742,180326MARRE,19-Mar-26
1225065,-725.51,180326MARRE,19-Mar-26
1186774,-721.79,180326MARRE,19-Mar-26
1277053,-721.53,180326MARRE,19-Mar-26
61781,-720.05,180326MARRE,19-Mar-26
1215518,-713.91,180326MARRE,19-Mar-26
144383,-700,180326MARRE,19-Mar-26
1180227,-689.34,180326MARRE,19-Mar-26
1189654,-688.81,180326MARRE,19-Mar-26
1253177,-670.34,180326MARRE,19-Mar-26
1179403,-670.32,180326MARRE,19-Mar-26
1181001,-670.21,180326MARRE,19-Mar-26
592048,-670,180326MARRE,19-Mar-26
1229464,-669.99,180326MARRE,19-Mar-26
1186642,-668.67,180326MARRE,19-Mar-26
1216769,-664.35,180326MARRE,19-Mar-26
24636,-661.87,180326MARRE,19-Mar-26
1232443,-656.24,180326MARRE,19-Mar-26
1229757,-644.59,180326MARRE,19-Mar-26
1230633,-643.65,180326MARRE,19-Mar-26
1257613,-629.52,180326MARRE,19-Mar-26
1231232,-628.6,180326MARRE,19-Mar-26
290325,-627.87,180326MARRE,19-Mar-26
256415,-620,180326MARRE,19-Mar-26
377494,-620,180326MARRE,19-Mar-26
491581,-620,180326MARRE,19-Mar-26
571481,-620,180326MARRE,19-Mar-26
577244,-620,180326MARRE,19-Mar-26
1253992,-615.72,180326MARRE,19-Mar-26
1272245,-610.71,180326MARRE,19-Mar-26
1182419,-607.24,180326MARRE,19-Mar-26
506875,-605.97,180326MARRE,19-Mar-26
1220330,-592.85,180326MARRE,19-Mar-26
1228171,-579.88,180326MARRE,19-Mar-26
264470,-557.5,180326MARRE,19-Mar-26
376480,-557.5,180326MARRE,19-Mar-26
507551,-557.5,180326MARRE,19-Mar-26
566480,-557.5,180326MARRE,19-Mar-26
581198,-557.5,180326MARRE,19-Mar-26
1186981,-538.24,180326MARRE,19-Mar-26
1184256,-534.49,180326MARRE,19-Mar-26
1166046,-526.94,180326MARRE,19-Mar-26
1239297,-525.08,180326MARRE,19-Mar-26
32282,-521.56,180326MARRE,19-Mar-26
1189910,-521.18,180326MARRE,19-Mar-26
271364,-520,180326MARRE,19-Mar-26
504968,-520,180326MARRE,19-Mar-26
517225,-520,180326MARRE,19-Mar-26
1236876,-517.55,180326MARRE,19-Mar-26
1228287,-515.67,180326MARRE,19-Mar-26
917322,-514.7,180326MARRE,19-Mar-26
860304,-514.5,180326MARRE,19-Mar-26
22483,-513.25,180326MARRE,19-Mar-26
1219590,-512.61,180326MARRE,19-Mar-26
1182067,-512.3,180326MARRE,19-Mar-26
1240894,-508.29,180326MARRE,19-Mar-26
1181844,-508.14,180326MARRE,19-Mar-26
1225623,-508.14,180326MARRE,19-Mar-26
538118,-507.5,180326MARRE,19-Mar-26
581135,-507.5,180326MARRE,19-Mar-26
1263941,-500.53,180326MARRE,19-Mar-26
323796,-500,180326MARRE,19-Mar-26
387264,-500,180326MARRE,19-Mar-26
439602,-500,180326MARRE,19-Mar-26
552347,-500,180326MARRE,19-Mar-26
1190090,-497.79,180326MARRE,19-Mar-26
108308,-495.48,180326MARRE,19-Mar-26
1221245,-494.96,180326MARRE,19-Mar-26
1228576,-491.04,180326MARRE,19-Mar-26
1263517,-489.87,180326MARRE,19-Mar-26
1254411,-488.2,180326MARRE,19-Mar-26
35540,-459.9427998,180326MARRE,19-Mar-26
1244282,-458.26,180326MARRE,19-Mar-26
1191187,-454.5,180326MARRE,19-Mar-26
56873,-454.3,180326MARRE,19-Mar-26
1192192,-444.15,180326MARRE,19-Mar-26
1227267,-439.45,180326MARRE,19-Mar-26
1183860,-438.6,180326MARRE,19-Mar-26
1181484,-437.25,180326MARRE,19-Mar-26
1220317,-436.96,180326MARRE,19-Mar-26
909923,-426.12,180326MARRE,19-Mar-26
1232453,-424.39,180326MARRE,19-Mar-26
1257009,-424.39,180326MARRE,19-Mar-26
70462,-421.49,180326MARRE,19-Mar-26
55520,-421.4,180326MARRE,19-Mar-26
265233,-420,180326MARRE,19-Mar-26
287928,-420,180326MARRE,19-Mar-26
525741,-420,180326MARRE,19-Mar-26
564457,-420,180326MARRE,19-Mar-26
584160,-420,180326MARRE,19-Mar-26
1181484,-419.26,180326MARRE,19-Mar-26
1230885,-416.92,180326MARRE,19-Mar-26
174556,-413,180326MARRE,19-Mar-26
1224753,-411.5,180326MARRE,19-Mar-26
1220786,-409.95,180326MARRE,19-Mar-26
253705,-408.7,180326MARRE,19-Mar-26
1178353,-405.13,180326MARRE,19-Mar-26
518032,-400,180326MARRE,19-Mar-26
1190122,-398.98,180326MARRE,19-Mar-26
268817,-391.17,180326MARRE,19-Mar-26
1231271,-390.65,180326MARRE,19-Mar-26
1220241,-386.75,180326MARRE,19-Mar-26
1239483,-385.81,180326MARRE,19-Mar-26
26214,-384.96,180326MARRE,19-Mar-26
1230182,-382.05,180326MARRE,19-Mar-26
1189365,-380.16,180326MARRE,19-Mar-26
1220724,-380.04,180326MARRE,19-Mar-26
1179866,-376.4,180326MARRE,19-Mar-26
1185971,-373.57,180326MARRE,19-Mar-26
226359,-370,180326MARRE,19-Mar-26
479907,-370,180326MARRE,19-Mar-26
1007918,-369.94,180326MARRE,19-Mar-26
178685,-363.2,180326MARRE,19-Mar-26
1212032,-356.63,180326MARRE,19-Mar-26
242877,-356.6,180326MARRE,19-Mar-26
20195,-355.74,180326MARRE,19-Mar-26
284621,-350.93,180326MARRE,19-Mar-26
1220349,-349.88,180326MARRE,19-Mar-26
1291158,-349.38,180326MARRE,19-Mar-26
1231270,-347.24,180326MARRE,19-Mar-26
1181484,-344.52,180326MARRE,19-Mar-26
1185170,-343.28,180326MARRE,19-Mar-26
1181484,-336.77,180326MARRE,19-Mar-26
799038,-334.52,180326MARRE,19-Mar-26
1181484,-331.91,180326MARRE,19-Mar-26
30853,-330.4,180326MARRE,19-Mar-26
1181484,-329.97,180326MARRE,19-Mar-26
1220185,-328.4,180326MARRE,19-Mar-26
1260102,-318.52,180326MARRE,19-Mar-26
1220437,-309.16,180326MARRE,19-Mar-26
1216743,-306.77,180326MARRE,19-Mar-26
182274,-306.56,180326MARRE,19-Mar-26
1181727,-304.88,180326MARRE,19-Mar-26
1253175,-303.84,180326MARRE,19-Mar-26
275523,-302.32,180326MARRE,19-Mar-26
1180498,-300.39,180326MARRE,19-Mar-26
143876,-300,180326MARRE,19-Mar-26
262475,-300,180326MARRE,19-Mar-26
461785,-300,180326MARRE,19-Mar-26
1178398,-297.5,180326MARRE,19-Mar-26
1258121,-296.41,180326MARRE,19-Mar-26
213992,-290.78,180326MARRE,19-Mar-26
1216854,-288.75,180326MARRE,19-Mar-26
1288653,-288,180326MARRE,19-Mar-26
41353,-287.33,180326MARRE,19-Mar-26
1235032,-283.59,180326MARRE,19-Mar-26
103868,-282.28,180326MARRE,19-Mar-26
1215429,-281.36,180326MARRE,19-Mar-26
1234589,-279.48,180326MARRE,19-Mar-26
1181484,-272.71,180326MARRE,19-Mar-26
1237527,-272.42,180326MARRE,19-Mar-26
954427,-264.73,180326MARRE,19-Mar-26
1271676,-258.58,180326MARRE,19-Mar-26
1180623,-258.43,180326MARRE,19-Mar-26
1234249,-257.77,180326MARRE,19-Mar-26
204460,-257.5,180326MARRE,19-Mar-26
265534,-257.5,180326MARRE,19-Mar-26
281207,-257.5,180326MARRE,19-Mar-26
318206,-257.5,180326MARRE,19-Mar-26
403401,-257.5,180326MARRE,19-Mar-26
453607,-257.5,180326MARRE,19-Mar-26
498811,-257.5,180326MARRE,19-Mar-26
505631,-257.5,180326MARRE,19-Mar-26
552276,-257.5,180326MARRE,19-Mar-26
555102,-257.5,180326MARRE,19-Mar-26
560982,-257.5,180326MARRE,19-Mar-26
1184744,-256.89,180326MARRE,19-Mar-26
1216823,-253.8,180326MARRE,19-Mar-26
1182644,-253.12,180326MARRE,19-Mar-26
271,-251.42,180326MARRE,19-Mar-26
281185,-250,180326MARRE,19-Mar-26
379366,-250,180326MARRE,19-Mar-26
38191,-250,180326MARRE,19-Mar-26
576312,-250,180326MARRE,19-Mar-26
1178164,-246.39,180326MARRE,19-Mar-26
1191252,-246.25,180326MARRE,19-Mar-26
1186463,-245.61,180326MARRE,19-Mar-26
47884,-240.72,180326MARRE,19-Mar-26
64545,-239.19,180326MARRE,19-Mar-26
1182639,-236.22,180326MARRE,19-Mar-26
1187444,-235.25,180326MARRE,19-Mar-26
1280051,-235.25,180326MARRE,19-Mar-26
1189642,-231.49,180326MARRE,19-Mar-26
1213383,-228.85,180326MARRE,19-Mar-26
155844,-225.56,180326MARRE,19-Mar-26
1178180,-224.91,180326MARRE,19-Mar-26
1181484,-224.18,180326MARRE,19-Mar-26
1181484,-221.28,180326MARRE,19-Mar-26
1217173,-218.97,180326MARRE,19-Mar-26
1184771,-218.2,180326MARRE,19-Mar-26
1216040,-217.58,180326MARRE,19-Mar-26
1183001,-216,180326MARRE,19-Mar-26
1263534,-215.49,180326MARRE,19-Mar-26
1189809,-214.38,180326MARRE,19-Mar-26
1228563,-213.51,180326MARRE,19-Mar-26
67792,-211.78,180326MARRE,19-Mar-26
1185189,-204.19,180326MARRE,19-Mar-26
81896,-202.96,180326MARRE,19-Mar-26
941949,-200.24,180326MARRE,19-Mar-26
332331,-200,180326MARRE,19-Mar-26
1181484,-197.98,180326MARRE,19-Mar-26
512207,-197.18,180326MARRE,19-Mar-26
32495,-194.05554,180326MARRE,19-Mar-26
333687,-192.07,180326MARRE,19-Mar-26
1191252,-191.9,180326MARRE,19-Mar-26
1181484,-189.24,180326MARRE,19-Mar-26
25466,-188.68,180326MARRE,19-Mar-26
1194436,-188.53,180326MARRE,19-Mar-26
1215411,-188.39,180326MARRE,19-Mar-26
1175017,-182.58,180326MARRE,19-Mar-26
161959,-180.54,180326MARRE,19-Mar-26
1217221,-178.79,180326MARRE,19-Mar-26
1181484,-176.63,180326MARRE,19-Mar-26
1183022,-175.97,180326MARRE,19-Mar-26
1181484,-172.75,180326MARRE,19-Mar-26
1181484,-172.75,180326MARRE,19-Mar-26
1181484,-172.75,180326MARRE,19-Mar-26
1193498,-172.63,180326MARRE,19-Mar-26
1182977,-170,180326MARRE,19-Mar-26
1216783,-169.37,180326MARRE,19-Mar-26
26298,-169.19,180326MARRE,19-Mar-26
1181484,-168.87,180326MARRE,19-Mar-26
1225454,-168.44,180326MARRE,19-Mar-26
1172718,-165.2,180326MARRE,19-Mar-26
145977,-165.2,180326MARRE,19-Mar-26
45385,-164.22,180326MARRE,19-Mar-26
1189704,-163.74,180326MARRE,19-Mar-26
1181484,-163.04,180326MARRE,19-Mar-26
240539,-160.95,180326MARRE,19-Mar-26
191367,-157.59,180326MARRE,19-Mar-26
1200553,-156.2,180326MARRE,19-Mar-26
30696,-154.29004,180326MARRE,19-Mar-26
257855,-152.76,180326MARRE,19-Mar-26
251575,-146.62,180326MARRE,19-Mar-26
1181484,-145.57,180326MARRE,19-Mar-26
1151279,-145.4,180326MARRE,19-Mar-26
1211833,-143.03,180326MARRE,19-Mar-26
46085,-142.41,180326MARRE,19-Mar-26
30691,-141.22,180326MARRE,19-Mar-26
1181484,-138.78,180326MARRE,19-Mar-26
1189982,-136.46,180326MARRE,19-Mar-26
1220784,-136.28,180326MARRE,19-Mar-26
1216262,-135.5,180326MARRE,19-Mar-26
1189782,-133.62,180326MARRE,19-Mar-26
1290283,-133.62,180326MARRE,19-Mar-26
282339,-132.74,180326MARRE,19-Mar-26
142101,-132.22,180326MARRE,19-Mar-26
20374,-132.07,180326MARRE,19-Mar-26
716052,-129.34,180326MARRE,19-Mar-26
1181484,-129.07,180326MARRE,19-Mar-26
1292237,-128.29,180326MARRE,19-Mar-26
1181484,-127.14,180326MARRE,19-Mar-26
1213976,-127.02,180326MARRE,19-Mar-26
1224978,-127.02,180326MARRE,19-Mar-26
29070,-123.9,180326MARRE,19-Mar-26
1171761,-123.49,180326MARRE,19-Mar-26
28108,-121.65,180326MARRE,19-Mar-26
32751,-121.65,180326MARRE,19-Mar-26
100960,-121.54,180326MARRE,19-Mar-26
139986,-120,180326MARRE,19-Mar-26
170258,-120,180326MARRE,19-Mar-26
205554,-120,180326MARRE,19-Mar-26
230114,-120,180326MARRE,19-Mar-26
239972,-120,180326MARRE,19-Mar-26
243007,-120,180326MARRE,19-Mar-26
252154,-120,180326MARRE,19-Mar-26
256211,-120,180326MARRE,19-Mar-26
263106,-120,180326MARRE,19-Mar-26
269206,-120,180326MARRE,19-Mar-26
269888,-120,180326MARRE,19-Mar-26
279949,-120,180326MARRE,19-Mar-26
284033,-120,180326MARRE,19-Mar-26
285407,-120,180326MARRE,19-Mar-26
286523,-120,180326MARRE,19-Mar-26
287168,-120,180326MARRE,19-Mar-26
310961,-120,180326MARRE,19-Mar-26
319932,-120,180326MARRE,19-Mar-26
326387,-120,180326MARRE,19-Mar-26
328001,-120,180326MARRE,19-Mar-26
330633,-120,180326MARRE,19-Mar-26
336298,-120,180326MARRE,19-Mar-26
404049,-120,180326MARRE,19-Mar-26
413671,-120,180326MARRE,19-Mar-26
435649,-120,180326MARRE,19-Mar-26
479833,-120,180326MARRE,19-Mar-26
506591,-120,180326MARRE,19-Mar-26
515609,-120,180326MARRE,19-Mar-26
519999,-120,180326MARRE,19-Mar-26
535392,-120,180326MARRE,19-Mar-26
541600,-120,180326MARRE,19-Mar-26
567000,-114.24,180326MARRE,19-Mar-26
676124,-113.51,180326MARRE,19-Mar-26
1217125,-112.87,180326MARRE,19-Mar-26
1184241,-112.46,180326MARRE,19-Mar-26
1227929,-110.4,180326MARRE,19-Mar-26
30842,-110.11,180326MARRE,19-Mar-26
99476,-107.55,180326MARRE,19-Mar-26
21588,-106.2,180326MARRE,19-Mar-26
1181176,-104.07,180326MARRE,19-Mar-26
209764,-103.84,180326MARRE,19-Mar-26
1182706,-101.56,180326MARRE,19-Mar-26
838961,-100.3,180326MARRE,19-Mar-26
598126,-100,180326MARRE,19-Mar-26
1,-98.05,180326MARRE,19-Mar-26
1279679,-96.36,180326MARRE,19-Mar-26
1171679,-95.4,180326MARRE,19-Mar-26
36577,-91.81,180326MARRE,19-Mar-26
131750,-90.86,180326MARRE,19-Mar-26
1167270,-90.78,180326MARRE,19-Mar-26
1165871,-89.62,180326MARRE,19-Mar-26
95245,-89.61,180326MARRE,19-Mar-26
20746,-88.69,180326MARRE,19-Mar-26
33359,-87.47,180326MARRE,19-Mar-26
75321,-85.55,180326MARRE,19-Mar-26
1181484,-85.4,180326MARRE,19-Mar-26
1184369,-84.69,180326MARRE,19-Mar-26
1166859,-82.6,180326MARRE,19-Mar-26
56918,-82.6,180326MARRE,19-Mar-26
326621,-80.24,180326MARRE,19-Mar-26
31834,-79.236272,180326MARRE,19-Mar-26
26359,-77.1445,180326MARRE,19-Mar-26
158481,-76.7,180326MARRE,19-Mar-26
1183547,-75.78,180326MARRE,19-Mar-26
1191167,-70.56,180326MARRE,19-Mar-26
1216035,-70.56,180326MARRE,19-Mar-26
1183347,-69.53,180326MARRE,19-Mar-26
30388,-68.96,180326MARRE,19-Mar-26
1257364,-68.93,180326MARRE,19-Mar-26
672059,-68.3,180326MARRE,19-Mar-26
1190589,-67.74,180326MARRE,19-Mar-26
1187963,-66.55,180326MARRE,19-Mar-26
287612,-64.78,180326MARRE,19-Mar-26
1257153,-63.04,180326MARRE,19-Mar-26
1178336,-59.5,180326MARRE,19-Mar-26
1181484,-59.19,180326MARRE,19-Mar-26
24598,-59,180326MARRE,19-Mar-26
33356,-56.9484,180326MARRE,19-Mar-26
25987,-56.64,180326MARRE,19-Mar-26
1185959,-56.46,180326MARRE,19-Mar-26
1181340,-54.58,180326MARRE,19-Mar-26
82607,-49.43,180326MARRE,19-Mar-26
717564,-48.38,180326MARRE,19-Mar-26
31626,-47.7225,180326MARRE,19-Mar-26
115547,-45.88,180326MARRE,19-Mar-26
20988,-41.3,180326MARRE,19-Mar-26
21404,-41.3,180326MARRE,19-Mar-26
24373,-41.3,180326MARRE,19-Mar-26
317874,-41.06,180326MARRE,19-Mar-26
26142,-38.662308,180326MARRE,19-Mar-26
974614,-33.04,180326MARRE,19-Mar-26
1192230,-33.02,180326MARRE,19-Mar-26
1130661,-32.81,180326MARRE,19-Mar-26
20422,-32.730468,180326MARRE,19-Mar-26
22584,-31.12,180326MARRE,19-Mar-26
1216499,-30.11,180326MARRE,19-Mar-26
1187577,-28.93,180326MARRE,19-Mar-26
1189622,-28.23,180326MARRE,19-Mar-26
1290391,-27.14,180326MARRE,19-Mar-26
69800,-26.47,180326MARRE,19-Mar-26
34654,-26.15,180326MARRE,19-Mar-26
287030,-23.76,180326MARRE,19-Mar-26
21078,-23.097744,180326MARRE,19-Mar-26
1181484,-22.33,180326MARRE,19-Mar-26
1224237,-21.84,180326MARRE,19-Mar-26
1279714,-20.28,180326MARRE,19-Mar-26
927996,-20,180326MARRE,19-Mar-26
748109,-19.4,180326MARRE,19-Mar-26
65714,-18.15,180326MARRE,19-Mar-26
30173,-17.573104,180326MARRE,19-Mar-26
24494,-15.75,180326MARRE,19-Mar-26
23257,-14.539384,180326MARRE,19-Mar-26
57206,-14.1,180326MARRE,19-Mar-26
62660,-13,180326MARRE,19-Mar-26
349899,-11.5,180326MARRE,19-Mar-26
1181537,-10.92,180326MARRE,19-Mar-26
1000175,-10.52,180326MARRE,19-Mar-26
1008515,-10.08,180326MARRE,19-Mar-26
95241,-10.07,180326MARRE,19-Mar-26
323746,-10,180326MARRE,19-Mar-26
691122,-10,180326MARRE,19-Mar-26
684889,-10,180326MARRE,19-Mar-26
883295,-10,180326MARRE,19-Mar-26
551228,-10,180326MARRE,19-Mar-26
970755,-10,180326MARRE,19-Mar-26
1000824,-10,180326MARRE,19-Mar-26
1002097,-10,180326MARRE,19-Mar-26
1003006,-10,180326MARRE,19-Mar-26
1004350,-10,180326MARRE,19-Mar-26
1004863,-10,180326MARRE,19-Mar-26
1008579,-10,180326MARRE,19-Mar-26
1011068,-10,180326MARRE,19-Mar-26
1011503,-10,180326MARRE,19-Mar-26
1012607,-10,180326MARRE,19-Mar-26
1013264,-10,180326MARRE,19-Mar-26
1015469,-10,180326MARRE,19-Mar-26
1015523,-10,180326MARRE,19-Mar-26
1015565,-10,180326MARRE,19-Mar-26
1015592,-10,180326MARRE,19-Mar-26
1015796,-10,180326MARRE,19-Mar-26
1015832,-10,180326MARRE,19-Mar-26
1016102,-10,180326MARRE,19-Mar-26
1016172,-10,180326MARRE,19-Mar-26
1016218,-10,180326MARRE,19-Mar-26
1016486,-10,180326MARRE,19-Mar-26
1016560,-10,180326MARRE,19-Mar-26
1017118,-10,180326MARRE,19-Mar-26
1018790,-10,180326MARRE,19-Mar-26
1020231,-10,180326MARRE,19-Mar-26
1024982,-10,180326MARRE,19-Mar-26
1025125,-10,180326MARRE,19-Mar-26
1025266,-10,180326MARRE,19-Mar-26
1025347,-10,180326MARRE,19-Mar-26
1025851,-10,180326MARRE,19-Mar-26
1027403,-10,180326MARRE,19-Mar-26
1028188,-10,180326MARRE,19-Mar-26
1028911,-10,180326MARRE,19-Mar-26
1029090,-10,180326MARRE,19-Mar-26
1029265,-10,180326MARRE,19-Mar-26
1029275,-10,180326MARRE,19-Mar-26
1030272,-10,180326MARRE,19-Mar-26
1030423,-10,180326MARRE,19-Mar-26
1031937,-10,180326MARRE,19-Mar-26
1041200,-10,180326MARRE,19-Mar-26
1041503,-10,180326MARRE,19-Mar-26
1041529,-10,180326MARRE,19-Mar-26
1041565,-10,180326MARRE,19-Mar-26
1042083,-10,180326MARRE,19-Mar-26
1042176,-10,180326MARRE,19-Mar-26
1042568,-10,180326MARRE,19-Mar-26
1042698,-10,180326MARRE,19-Mar-26
1042972,-10,180326MARRE,19-Mar-26
1043943,-10,180326MARRE,19-Mar-26
1044167,-10,180326MARRE,19-Mar-26
1044643,-10,180326MARRE,19-Mar-26
1045403,-10,180326MARRE,19-Mar-26
1045473,-10,180326MARRE,19-Mar-26
1046350,-10,180326MARRE,19-Mar-26
1048074,-10,180326MARRE,19-Mar-26
1048865,-10,180326MARRE,19-Mar-26
1049431,-10,180326MARRE,19-Mar-26
1049942,-10,180326MARRE,19-Mar-26
1051085,-10,180326MARRE,19-Mar-26
1051115,-10,180326MARRE,19-Mar-26
1051854,-10,180326MARRE,19-Mar-26
1052339,-10,180326MARRE,19-Mar-26
1052554,-10,180326MARRE,19-Mar-26
1052741,-10,180326MARRE,19-Mar-26
1052749,-10,180326MARRE,19-Mar-26
1053096,-10,180326MARRE,19-Mar-26
1053228,-10,180326MARRE,19-Mar-26
1053248,-10,180326MARRE,19-Mar-26
1053363,-10,180326MARRE,19-Mar-26
1053609,-10,180326MARRE,19-Mar-26
1053799,-10,180326MARRE,19-Mar-26
1053879,-10,180326MARRE,19-Mar-26
1054216,-10,180326MARRE,19-Mar-26
1054287,-10,180326MARRE,19-Mar-26
1054313,-10,180326MARRE,19-Mar-26
1054391,-10,180326MARRE,19-Mar-26
1054827,-10,180326MARRE,19-Mar-26
1055674,-10,180326MARRE,19-Mar-26
1055678,-10,180326MARRE,19-Mar-26
1056739,-10,180326MARRE,19-Mar-26
1056775,-10,180326MARRE,19-Mar-26
1057464,-10,180326MARRE,19-Mar-26
1057838,-10,180326MARRE,19-Mar-26
1057992,-10,180326MARRE,19-Mar-26
1058045,-10,180326MARRE,19-Mar-26
1058050,-10,180326MARRE,19-Mar-26
1058079,-10,180326MARRE,19-Mar-26
1058144,-10,180326MARRE,19-Mar-26
1058206,-10,180326MARRE,19-Mar-26
1058905,-10,180326MARRE,19-Mar-26
1059273,-10,180326MARRE,19-Mar-26
1059814,-10,180326MARRE,19-Mar-26
1059865,-10,180326MARRE,19-Mar-26
1060277,-10,180326MARRE,19-Mar-26
1060699,-10,180326MARRE,19-Mar-26
1061150,-10,180326MARRE,19-Mar-26
1061171,-10,180326MARRE,19-Mar-26
1061744,-10,180326MARRE,19-Mar-26
1062315,-10,180326MARRE,19-Mar-26
1062442,-10,180326MARRE,19-Mar-26
1062856,-10,180326MARRE,19-Mar-26
1062881,-10,180326MARRE,19-Mar-26
1063236,-10,180326MARRE,19-Mar-26
1063359,-10,180326MARRE,19-Mar-26
1064046,-10,180326MARRE,19-Mar-26
1064652,-10,180326MARRE,19-Mar-26
1064951,-10,180326MARRE,19-Mar-26
1065019,-10,180326MARRE,19-Mar-26
1065465,-10,180326MARRE,19-Mar-26
1065546,-10,180326MARRE,19-Mar-26
1066283,-10,180326MARRE,19-Mar-26
1066693,-10,180326MARRE,19-Mar-26
1067047,-10,180326MARRE,19-Mar-26
1067186,-10,180326MARRE,19-Mar-26
1067636,-10,180326MARRE,19-Mar-26
1068355,-10,180326MARRE,19-Mar-26
1070035,-10,180326MARRE,19-Mar-26
1071252,-10,180326MARRE,19-Mar-26
1071322,-10,180326MARRE,19-Mar-26
1072283,-10,180326MARRE,19-Mar-26
1072531,-10,180326MARRE,19-Mar-26
1077201,-10,180326MARRE,19-Mar-26
1083995,-10,180326MARRE,19-Mar-26
113760,-10,180326MARRE,19-Mar-26
128283,-10,180326MARRE,19-Mar-26
186674,-10,180326MARRE,19-Mar-26
194278,-10,180326MARRE,19-Mar-26
220178,-10,180326MARRE,19-Mar-26
22661,-10,180326MARRE,19-Mar-26
230841,-10,180326MARRE,19-Mar-26
239076,-10,180326MARRE,19-Mar-26
258498,-10,180326MARRE,19-Mar-26
290302,-10,180326MARRE,19-Mar-26
31857,-10,180326MARRE,19-Mar-26
33615,-10,180326MARRE,19-Mar-26
337411,-10,180326MARRE,19-Mar-26
401450,-10,180326MARRE,19-Mar-26
405401,-10,180326MARRE,19-Mar-26
49928,-10,180326MARRE,19-Mar-26
529026,-10,180326MARRE,19-Mar-26
53362,-10,180326MARRE,19-Mar-26
57772,-10,180326MARRE,19-Mar-26
58183,-10,180326MARRE,19-Mar-26
642371,-10,180326MARRE,19-Mar-26
658231,-10,180326MARRE,19-Mar-26
673485,-10,180326MARRE,19-Mar-26
675706,-10,180326MARRE,19-Mar-26
676991,-10,180326MARRE,19-Mar-26
677491,-10,180326MARRE,19-Mar-26
679250,-10,180326MARRE,19-Mar-26
680351,-10,180326MARRE,19-Mar-26
682450,-10,180326MARRE,19-Mar-26
683112,-10,180326MARRE,19-Mar-26
683116,-10,180326MARRE,19-Mar-26
683790,-10,180326MARRE,19-Mar-26
684623,-10,180326MARRE,19-Mar-26
684637,-10,180326MARRE,19-Mar-26
685541,-10,180326MARRE,19-Mar-26
685799,-10,180326MARRE,19-Mar-26
686578,-10,180326MARRE,19-Mar-26
686595,-10,180326MARRE,19-Mar-26
686883,-10,180326MARRE,19-Mar-26
687663,-10,180326MARRE,19-Mar-26
688216,-10,180326MARRE,19-Mar-26
688227,-10,180326MARRE,19-Mar-26
688719,-10,180326MARRE,19-Mar-26
688838,-10,180326MARRE,19-Mar-26
688958,-10,180326MARRE,19-Mar-26
689039,-10,180326MARRE,19-Mar-26
690103,-10,180326MARRE,19-Mar-26
690401,-10,180326MARRE,19-Mar-26
690727,-10,180326MARRE,19-Mar-26
690952,-10,180326MARRE,19-Mar-26
690968,-10,180326MARRE,19-Mar-26
691690,-10,180326MARRE,19-Mar-26
692100,-10,180326MARRE,19-Mar-26
692190,-10,180326MARRE,19-Mar-26
692220,-10,180326MARRE,19-Mar-26
692292,-10,180326MARRE,19-Mar-26
692799,-10,180326MARRE,19-Mar-26
692826,-10,180326MARRE,19-Mar-26
693295,-10,180326MARRE,19-Mar-26
694361,-10,180326MARRE,19-Mar-26
69545,-10,180326MARRE,19-Mar-26
695546,-10,180326MARRE,19-Mar-26
695668,-10,180326MARRE,19-Mar-26
696731,-10,180326MARRE,19-Mar-26
697617,-10,180326MARRE,19-Mar-26
698246,-10,180326MARRE,19-Mar-26
698524,-10,180326MARRE,19-Mar-26
699476,-10,180326MARRE,19-Mar-26
699548,-10,180326MARRE,19-Mar-26
703951,-10,180326MARRE,19-Mar-26
705773,-10,180326MARRE,19-Mar-26
707729,-10,180326MARRE,19-Mar-26
707822,-10,180326MARRE,19-Mar-26
713697,-10,180326MARRE,19-Mar-26
713703,-10,180326MARRE,19-Mar-26
715141,-10,180326MARRE,19-Mar-26
716716,-10,180326MARRE,19-Mar-26
71969,-10,180326MARRE,19-Mar-26
726613,-10,180326MARRE,19-Mar-26
728908,-10,180326MARRE,19-Mar-26
733077,-10,180326MARRE,19-Mar-26
733568,-10,180326MARRE,19-Mar-26
734407,-10,180326MARRE,19-Mar-26
735130,-10,180326MARRE,19-Mar-26
735183,-10,180326MARRE,19-Mar-26
735502,-10,180326MARRE,19-Mar-26
736395,-10,180326MARRE,19-Mar-26
736421,-10,180326MARRE,19-Mar-26
737022,-10,180326MARRE,19-Mar-26
738591,-10,180326MARRE,19-Mar-26
739372,-10,180326MARRE,19-Mar-26
739391,-10,180326MARRE,19-Mar-26
740371,-10,180326MARRE,19-Mar-26
740466,-10,180326MARRE,19-Mar-26
740484,-10,180326MARRE,19-Mar-26
740694,-10,180326MARRE,19-Mar-26
740695,-10,180326MARRE,19-Mar-26
742059,-10,180326MARRE,19-Mar-26
742077,-10,180326MARRE,19-Mar-26
742186,-10,180326MARRE,19-Mar-26
742303,-10,180326MARRE,19-Mar-26
742630,-10,180326MARRE,19-Mar-26
742962,-10,180326MARRE,19-Mar-26
745048,-10,180326MARRE,19-Mar-26
746295,-10,180326MARRE,19-Mar-26
746600,-10,180326MARRE,19-Mar-26
747827,-10,180326MARRE,19-Mar-26
748050,-10,180326MARRE,19-Mar-26
748513,-10,180326MARRE,19-Mar-26
748775,-10,180326MARRE,19-Mar-26
749333,-10,180326MARRE,19-Mar-26
749472,-10,180326MARRE,19-Mar-26
749694,-10,180326MARRE,19-Mar-26
749985,-10,180326MARRE,19-Mar-26
750025,-10,180326MARRE,19-Mar-26
750175,-10,180326MARRE,19-Mar-26
750420,-10,180326MARRE,19-Mar-26
750822,-10,180326MARRE,19-Mar-26
750914,-10,180326MARRE,19-Mar-26
751813,-10,180326MARRE,19-Mar-26
751867,-10,180326MARRE,19-Mar-26
752708,-10,180326MARRE,19-Mar-26
752882,-10,180326MARRE,19-Mar-26
752909,-10,180326MARRE,19-Mar-26
753149,-10,180326MARRE,19-Mar-26
753340,-10,180326MARRE,19-Mar-26
753717,-10,180326MARRE,19-Mar-26
753736,-10,180326MARRE,19-Mar-26
753982,-10,180326MARRE,19-Mar-26
754457,-10,180326MARRE,19-Mar-26
755704,-10,180326MARRE,19-Mar-26
756305,-10,180326MARRE,19-Mar-26
757465,-10,180326MARRE,19-Mar-26
758300,-10,180326MARRE,19-Mar-26
759265,-10,180326MARRE,19-Mar-26
759288,-10,180326MARRE,19-Mar-26
760197,-10,180326MARRE,19-Mar-26
760374,-10,180326MARRE,19-Mar-26
760439,-10,180326MARRE,19-Mar-26
762940,-10,180326MARRE,19-Mar-26
763554,-10,180326MARRE,19-Mar-26
763769,-10,180326MARRE,19-Mar-26
763961,-10,180326MARRE,19-Mar-26
764327,-10,180326MARRE,19-Mar-26
764487,-10,180326MARRE,19-Mar-26
764714,-10,180326MARRE,19-Mar-26
765435,-10,180326MARRE,19-Mar-26
766443,-10,180326MARRE,19-Mar-26
766866,-10,180326MARRE,19-Mar-26
767125,-10,180326MARRE,19-Mar-26
767487,-10,180326MARRE,19-Mar-26
767602,-10,180326MARRE,19-Mar-26
767954,-10,180326MARRE,19-Mar-26
768029,-10,180326MARRE,19-Mar-26
768086,-10,180326MARRE,19-Mar-26
768160,-10,180326MARRE,19-Mar-26
768628,-10,180326MARRE,19-Mar-26
769082,-10,180326MARRE,19-Mar-26
769299,-10,180326MARRE,19-Mar-26
769541,-10,180326MARRE,19-Mar-26
769615,-10,180326MARRE,19-Mar-26
769981,-10,180326MARRE,19-Mar-26
770373,-10,180326MARRE,19-Mar-26
770672,-10,180326MARRE,19-Mar-26
770884,-10,180326MARRE,19-Mar-26
771072,-10,180326MARRE,19-Mar-26
771743,-10,180326MARRE,19-Mar-26
772008,-10,180326MARRE,19-Mar-26
772908,-10,180326MARRE,19-Mar-26
772993,-10,180326MARRE,19-Mar-26
773355,-10,180326MARRE,19-Mar-26
775359,-10,180326MARRE,19-Mar-26
776167,-10,180326MARRE,19-Mar-26
776256,-10,180326MARRE,19-Mar-26
777102,-10,180326MARRE,19-Mar-26
777629,-10,180326MARRE,19-Mar-26
777703,-10,180326MARRE,19-Mar-26
777721,-10,180326MARRE,19-Mar-26
778017,-10,180326MARRE,19-Mar-26
778227,-10,180326MARRE,19-Mar-26
778275,-10,180326MARRE,19-Mar-26
779598,-10,180326MARRE,19-Mar-26
779962,-10,180326MARRE,19-Mar-26
780550,-10,180326MARRE,19-Mar-26
782969,-10,180326MARRE,19-Mar-26
783096,-10,180326MARRE,19-Mar-26
785324,-10,180326MARRE,19-Mar-26
785551,-10,180326MARRE,19-Mar-26
786465,-10,180326MARRE,19-Mar-26
787263,-10,180326MARRE,19-Mar-26
787928,-10,180326MARRE,19-Mar-26
791553,-10,180326MARRE,19-Mar-26
791767,-10,180326MARRE,19-Mar-26
792318,-10,180326MARRE,19-Mar-26
792588,-10,180326MARRE,19-Mar-26
792836,-10,180326MARRE,19-Mar-26
797252,-10,180326MARRE,19-Mar-26
797267,-10,180326MARRE,19-Mar-26
797278,-10,180326MARRE,19-Mar-26
803251,-10,180326MARRE,19-Mar-26
803970,-10,180326MARRE,19-Mar-26
805145,-10,180326MARRE,19-Mar-26
80590,-10,180326MARRE,19-Mar-26
806644,-10,180326MARRE,19-Mar-26
806785,-10,180326MARRE,19-Mar-26
812227,-10,180326MARRE,19-Mar-26
815958,-10,180326MARRE,19-Mar-26
816273,-10,180326MARRE,19-Mar-26
817669,-10,180326MARRE,19-Mar-26
819794,-10,180326MARRE,19-Mar-26
820525,-10,180326MARRE,19-Mar-26
822956,-10,180326MARRE,19-Mar-26
824244,-10,180326MARRE,19-Mar-26
824808,-10,180326MARRE,19-Mar-26
825060,-10,180326MARRE,19-Mar-26
825256,-10,180326MARRE,19-Mar-26
826279,-10,180326MARRE,19-Mar-26
827628,-10,180326MARRE,19-Mar-26
829549,-10,180326MARRE,19-Mar-26
832856,-10,180326MARRE,19-Mar-26
833499,-10,180326MARRE,19-Mar-26
833954,-10,180326MARRE,19-Mar-26
835520,-10,180326MARRE,19-Mar-26
837400,-10,180326MARRE,19-Mar-26
837676,-10,180326MARRE,19-Mar-26
839742,-10,180326MARRE,19-Mar-26
839835,-10,180326MARRE,19-Mar-26
840168,-10,180326MARRE,19-Mar-26
840336,-10,180326MARRE,19-Mar-26
840620,-10,180326MARRE,19-Mar-26
845157,-10,180326MARRE,19-Mar-26
845411,-10,180326MARRE,19-Mar-26
850779,-10,180326MARRE,19-Mar-26
852563,-10,180326MARRE,19-Mar-26
854444,-10,180326MARRE,19-Mar-26
856179,-10,180326MARRE,19-Mar-26
858200,-10,180326MARRE,19-Mar-26
858437,-10,180326MARRE,19-Mar-26
859080,-10,180326MARRE,19-Mar-26
862183,-10,180326MARRE,19-Mar-26
862832,-10,180326MARRE,19-Mar-26
865045,-10,180326MARRE,19-Mar-26
868091,-10,180326MARRE,19-Mar-26
870772,-10,180326MARRE,19-Mar-26
871661,-10,180326MARRE,19-Mar-26
871765,-10,180326MARRE,19-Mar-26
872450,-10,180326MARRE,19-Mar-26
873242,-10,180326MARRE,19-Mar-26
875337,-10,180326MARRE,19-Mar-26
876100,-10,180326MARRE,19-Mar-26
878886,-10,180326MARRE,19-Mar-26
879084,-10,180326MARRE,19-Mar-26
880480,-10,180326MARRE,19-Mar-26
880586,-10,180326MARRE,19-Mar-26
885513,-10,180326MARRE,19-Mar-26
886268,-10,180326MARRE,19-Mar-26
886387,-10,180326MARRE,19-Mar-26
888927,-10,180326MARRE,19-Mar-26
891224,-10,180326MARRE,19-Mar-26
891797,-10,180326MARRE,19-Mar-26
892180,-10,180326MARRE,19-Mar-26
893733,-10,180326MARRE,19-Mar-26
893794,-10,180326MARRE,19-Mar-26
896525,-10,180326MARRE,19-Mar-26
897579,-10,180326MARRE,19-Mar-26
900517,-10,180326MARRE,19-Mar-26
905185,-10,180326MARRE,19-Mar-26
906914,-10,180326MARRE,19-Mar-26
907568,-10,180326MARRE,19-Mar-26
909081,-10,180326MARRE,19-Mar-26
909105,-10,180326MARRE,19-Mar-26
910397,-10,180326MARRE,19-Mar-26
910887,-10,180326MARRE,19-Mar-26
911876,-10,180326MARRE,19-Mar-26
911999,-10,180326MARRE,19-Mar-26
912887,-10,180326MARRE,19-Mar-26
913209,-10,180326MARRE,19-Mar-26
917402,-10,180326MARRE,19-Mar-26
919256,-10,180326MARRE,19-Mar-26
919402,-10,180326MARRE,19-Mar-26
920744,-10,180326MARRE,19-Mar-26
921434,-10,180326MARRE,19-Mar-26
921515,-10,180326MARRE,19-Mar-26
923326,-10,180326MARRE,19-Mar-26
925368,-10,180326MARRE,19-Mar-26
927280,-10,180326MARRE,19-Mar-26
928615,-10,180326MARRE,19-Mar-26
929246,-10,180326MARRE,19-Mar-26
929686,-10,180326MARRE,19-Mar-26
931245,-10,180326MARRE,19-Mar-26
931530,-10,180326MARRE,19-Mar-26
937790,-10,180326MARRE,19-Mar-26
938959,-10,180326MARRE,19-Mar-26
939968,-10,180326MARRE,19-Mar-26
941906,-10,180326MARRE,19-Mar-26
942527,-10,180326MARRE,19-Mar-26
944071,-10,180326MARRE,19-Mar-26
944116,-10,180326MARRE,19-Mar-26
944578,-10,180326MARRE,19-Mar-26
944727,-10,180326MARRE,19-Mar-26
945286,-10,180326MARRE,19-Mar-26
946837,-10,180326MARRE,19-Mar-26
946859,-10,180326MARRE,19-Mar-26
954497,-10,180326MARRE,19-Mar-26
956388,-10,180326MARRE,19-Mar-26
961283,-10,180326MARRE,19-Mar-26
969504,-10,180326MARRE,19-Mar-26
970464,-10,180326MARRE,19-Mar-26
973949,-10,180326MARRE,19-Mar-26
981193,-10,180326MARRE,19-Mar-26
983178,-10,180326MARRE,19-Mar-26
990975,-10,180326MARRE,19-Mar-26
992694,-10,180326MARRE,19-Mar-26
994575,-10,180326MARRE,19-Mar-26
994829,-10,180326MARRE,19-Mar-26
996994,-10,180326MARRE,19-Mar-26
999153,-10,180326MARRE,19-Mar-26
999290,-10,180326MARRE,19-Mar-26
1074195,-9.82,180326MARRE,19-Mar-26
763282,-9.82,180326MARRE,19-Mar-26
34864,-9.79,180326MARRE,19-Mar-26
206976,-9.74,180326MARRE,19-Mar-26
20243,-9.057016,180326MARRE,19-Mar-26
762712,-9,180326MARRE,19-Mar-26
757672,-8.94,180326MARRE,19-Mar-26
760171,-8.94,180326MARRE,19-Mar-26
1068943,-8.92,180326MARRE,19-Mar-26
1078535,-8.92,180326MARRE,19-Mar-26
1081112,-8.92,180326MARRE,19-Mar-26
61495,-8.92,180326MARRE,19-Mar-26
72334,-8.67,180326MARRE,19-Mar-26
250560,-8.62,180326MARRE,19-Mar-26
278777,-8.31,180326MARRE,19-Mar-26
881960,-8.16,180326MARRE,19-Mar-26
1104893,-8.12,180326MARRE,19-Mar-26
741516,-8,180326MARRE,19-Mar-26
35596,-7.86,180326MARRE,19-Mar-26
877038,-7.81,180326MARRE,19-Mar-26
692104,-7.75,180326MARRE,19-Mar-26
272263,-7.71,180326MARRE,19-Mar-26
1216547,-7.52,180326MARRE,19-Mar-26
1257367,-7.52,180326MARRE,19-Mar-26
1028955,-7.5,180326MARRE,19-Mar-26
152165,-7.43,180326MARRE,19-Mar-26
273776,-7.33,180326MARRE,19-Mar-26
88714,-7.29,180326MARRE,19-Mar-26
1004331,-7,180326MARRE,19-Mar-26
1009378,-7,180326MARRE,19-Mar-26
763116,-7,180326MARRE,19-Mar-26
698124,-6.97,180326MARRE,19-Mar-26
59019,-6.91,180326MARRE,19-Mar-26
23588,-6.46,180326MARRE,19-Mar-26
20950,-6.09,180326MARRE,19-Mar-26
81273,-5.75,180326MARRE,19-Mar-26
36429,-5.74,180326MARRE,19-Mar-26
336624,-5.47,180326MARRE,19-Mar-26
30801,-5.44946,180326MARRE,19-Mar-26
586013,-5.34,180326MARRE,19-Mar-26
930975,-5.2,180326MARRE,19-Mar-26
764914,-5.1,180326MARRE,19-Mar-26
57179,-5.05,180326MARRE,19-Mar-26
701863,-5.03,180326MARRE,19-Mar-26
691298,-5.02,180326MARRE,19-Mar-26
274160,-5,180326MARRE,19-Mar-26
669661,-5,180326MARRE,19-Mar-26
772752,-5,180326MARRE,19-Mar-26
1016346,-5,180326MARRE,19-Mar-26
1017533,-5,180326MARRE,19-Mar-26
1040879,-5,180326MARRE,19-Mar-26
1044060,-5,180326MARRE,19-Mar-26
1048156,-5,180326MARRE,19-Mar-26
1049219,-5,180326MARRE,19-Mar-26
1059336,-5,180326MARRE,19-Mar-26
1065021,-5,180326MARRE,19-Mar-26
1065617,-5,180326MARRE,19-Mar-26
1067098,-5,180326MARRE,19-Mar-26
1071524,-5,180326MARRE,19-Mar-26
112304,-5,180326MARRE,19-Mar-26
629843,-5,180326MARRE,19-Mar-26
682514,-5,180326MARRE,19-Mar-26
689261,-5,180326MARRE,19-Mar-26
694328,-5,180326MARRE,19-Mar-26
696249,-5,180326MARRE,19-Mar-26
696556,-5,180326MARRE,19-Mar-26
719349,-5,180326MARRE,19-Mar-26
737232,-5,180326MARRE,19-Mar-26
737809,-5,180326MARRE,19-Mar-26
744643,-5,180326MARRE,19-Mar-26
747482,-5,180326MARRE,19-Mar-26
763013,-5,180326MARRE,19-Mar-26
814585,-5,180326MARRE,19-Mar-26
825034,-5,180326MARRE,19-Mar-26
858982,-5,180326MARRE,19-Mar-26
871802,-5,180326MARRE,19-Mar-26
896733,-5,180326MARRE,19-Mar-26
899311,-5,180326MARRE,19-Mar-26
919268,-5,180326MARRE,19-Mar-26
924303,-5,180326MARRE,19-Mar-26
925222,-5,180326MARRE,19-Mar-26
945209,-5,180326MARRE,19-Mar-26
950972,-5,180326MARRE,19-Mar-26
960651,-5,180326MARRE,19-Mar-26
990856,-5,180326MARRE,19-Mar-26
997214,-5,180326MARRE,19-Mar-26
740494,-4.96,180326MARRE,19-Mar-26
88955,-4.91,180326MARRE,19-Mar-26
1129560,-4.9,180326MARRE,19-Mar-26
118687,-4.82,180326MARRE,19-Mar-26
755574,-4.8,180326MARRE,19-Mar-26
28534,-4.65,180326MARRE,19-Mar-26
1064448,-4.48,180326MARRE,19-Mar-26
1078489,-4.24,180326MARRE,19-Mar-26
750897,-4,180326MARRE,19-Mar-26
762823,-4,180326MARRE,19-Mar-26
1178274,-3.76,180326MARRE,19-Mar-26
1216568,-3.76,180326MARRE,19-Mar-26
23384,-3.71,180326MARRE,19-Mar-26
913020,-3.6,180326MARRE,19-Mar-26
54349,-3.584,180326MARRE,19-Mar-26
667533,-3.54,180326MARRE,19-Mar-26
376865,-3.53,180326MARRE,19-Mar-26
913019,-3.5,180326MARRE,19-Mar-26
901893,-3.46,180326MARRE,19-Mar-26
72773,-3.3,180326MARRE,19-Mar-26
951660,-3.24,180326MARRE,19-Mar-26
971688,-3.23,180326MARRE,19-Mar-26
147828,-3.22,180326MARRE,19-Mar-26
43489,-3.18,180326MARRE,19-Mar-26
1067759,-3.07,180326MARRE,19-Mar-26
662275,-3.05,180326MARRE,19-Mar-26
1027361,-3,180326MARRE,19-Mar-26
58441,-3,180326MARRE,19-Mar-26
696051,-3,180326MARRE,19-Mar-26
688809,-2.9,180326MARRE,19-Mar-26
558484,-2.9,180326MARRE,19-Mar-26
1168125,-2.86,180326MARRE,19-Mar-26
672166,-2.84,180326MARRE,19-Mar-26
1159343,-2.54,180326MARRE,19-Mar-26
1082427,-2.52,180326MARRE,19-Mar-26
32606,-2.51,180326MARRE,19-Mar-26
1075873,-2.51,180326MARRE,19-Mar-26
1004003,-2.5,180326MARRE,19-Mar-26
30275,-2.42,180326MARRE,19-Mar-26
25542,-2.36,180326MARRE,19-Mar-26
63765,-2.36,180326MARRE,19-Mar-26
1161517,-2.32,180326MARRE,19-Mar-26
841705,-2.2,180326MARRE,19-Mar-26
1149127,-2.14,180326MARRE,19-Mar-26
1161934,-2.08,180326MARRE,19-Mar-26
57207,-2.0424,180326MARRE,19-Mar-26
316512,-2,180326MARRE,19-Mar-26
694295,-2,180326MARRE,19-Mar-26
54011,-2,180326MARRE,19-Mar-26
1006951,-2,180326MARRE,19-Mar-26
1041398,-2,180326MARRE,19-Mar-26
688322,-2,180326MARRE,19-Mar-26
752711,-2,180326MARRE,19-Mar-26
779636,-2,180326MARRE,19-Mar-26
805126,-2,180326MARRE,19-Mar-26
809294,-2,180326MARRE,19-Mar-26
826985,-2,180326MARRE,19-Mar-26
984068,-2,180326MARRE,19-Mar-26
628487,-1.9,180326MARRE,19-Mar-26
34917,-1.820232,180326MARRE,19-Mar-26
112046,-1.78,180326MARRE,19-Mar-26
1143935,-1.73,180326MARRE,19-Mar-26
1137241,-1.66,180326MARRE,19-Mar-26
865364,-1.6,180326MARRE,19-Mar-26
24762,-1.57,180326MARRE,19-Mar-26
1040385,-1.55,180326MARRE,19-Mar-26
1129723,-1.55,180326MARRE,19-Mar-26
881827,-1.5,180326MARRE,19-Mar-26
1008222,-1.5,180326MARRE,19-Mar-26
699768,-1.5,180326MARRE,19-Mar-26
985914,-1.49,180326MARRE,19-Mar-26
1160358,-1.48,180326MARRE,19-Mar-26
1168578,-1.42,180326MARRE,19-Mar-26
1058860,-1.4,180326MARRE,19-Mar-26
897539,-1.4,180326MARRE,19-Mar-26
902256,-1.38,180326MARRE,19-Mar-26
920100,-1.35,180326MARRE,19-Mar-26
230144,-1.34,180326MARRE,19-Mar-26
729219,-1.32,180326MARRE,19-Mar-26
967586,-1.26,180326MARRE,19-Mar-26
739633,-1.25,180326MARRE,19-Mar-26
207499,-1.24,180326MARRE,19-Mar-26
761926,-1.2,180326MARRE,19-Mar-26
828573,-1.2,180326MARRE,19-Mar-26
95246,-1.16,180326MARRE,19-Mar-26
32285,-1.14,180326MARRE,19-Mar-26
890425,-1.13,180326MARRE,19-Mar-26
771092,-1.12,180326MARRE,19-Mar-26
1024499,-1.1,180326MARRE,19-Mar-26
757345,-1.1,180326MARRE,19-Mar-26
525214,-1.08,180326MARRE,19-Mar-26
760124,-1.08,180326MARRE,19-Mar-26
1160542,-1.06,180326MARRE,19-Mar-26
639452,-1.06,180326MARRE,19-Mar-26
803783,-1.06,180326MARRE,19-Mar-26
812289,-1.06,180326MARRE,19-Mar-26
881275,-1.06,180326MARRE,19-Mar-26
83487,-1.04,180326MARRE,19-Mar-26
1026017,-1.02,180326MARRE,19-Mar-26
1053892,-1.02,180326MARRE,19-Mar-26
752833,-1.02,180326MARRE,19-Mar-26
781286,-1.02,180326MARRE,19-Mar-26
57199,-1.01,180326MARRE,19-Mar-26
752509,-1,180326MARRE,19-Mar-26
754072,-1,180326MARRE,19-Mar-26
1009350,-1,180326MARRE,19-Mar-26
1012023,-1,180326MARRE,19-Mar-26
1017556,-1,180326MARRE,19-Mar-26
1025281,-1,180326MARRE,19-Mar-26
1025943,-1,180326MARRE,19-Mar-26
1029330,-1,180326MARRE,19-Mar-26
1030051,-1,180326MARRE,19-Mar-26
1035836,-1,180326MARRE,19-Mar-26
1041589,-1,180326MARRE,19-Mar-26
1042536,-1,180326MARRE,19-Mar-26
1044198,-1,180326MARRE,19-Mar-26
1049177,-1,180326MARRE,19-Mar-26
1053946,-1,180326MARRE,19-Mar-26
1058234,-1,180326MARRE,19-Mar-26
1067028,-1,180326MARRE,19-Mar-26
265112,-1,180326MARRE,19-Mar-26
341977,-1,180326MARRE,19-Mar-26
342060,-1,180326MARRE,19-Mar-26
408703,-1,180326MARRE,19-Mar-26
671045,-1,180326MARRE,19-Mar-26
681711,-1,180326MARRE,19-Mar-26
685611,-1,180326MARRE,19-Mar-26
685958,-1,180326MARRE,19-Mar-26
686669,-1,180326MARRE,19-Mar-26
688713,-1,180326MARRE,19-Mar-26
692061,-1,180326MARRE,19-Mar-26
693242,-1,180326MARRE,19-Mar-26
698530,-1,180326MARRE,19-Mar-26
699369,-1,180326MARRE,19-Mar-26
741548,-1,180326MARRE,19-Mar-26
747932,-1,180326MARRE,19-Mar-26
748283,-1,180326MARRE,19-Mar-26
748352,-1,180326MARRE,19-Mar-26
749621,-1,180326MARRE,19-Mar-26
751260,-1,180326MARRE,19-Mar-26
751624,-1,180326MARRE,19-Mar-26
760974,-1,180326MARRE,19-Mar-26
761003,-1,180326MARRE,19-Mar-26
762800,-1,180326MARRE,19-Mar-26
762890,-1,180326MARRE,19-Mar-26
766164,-1,180326MARRE,19-Mar-26
766883,-1,180326MARRE,19-Mar-26
770521,-1,180326MARRE,19-Mar-26
771991,-1,180326MARRE,19-Mar-26
772923,-1,180326MARRE,19-Mar-26
773460,-1,180326MARRE,19-Mar-26
778125,-1,180326MARRE,19-Mar-26
779661,-1,180326MARRE,19-Mar-26
780406,-1,180326MARRE,19-Mar-26
787847,-1,180326MARRE,19-Mar-26
790901,-1,180326MARRE,19-Mar-26
797250,-1,180326MARRE,19-Mar-26
802493,-1,180326MARRE,19-Mar-26
803972,-1,180326MARRE,19-Mar-26
808328,-1,180326MARRE,19-Mar-26
814574,-1,180326MARRE,19-Mar-26
832736,-1,180326MARRE,19-Mar-26
836926,-1,180326MARRE,19-Mar-26
843610,-1,180326MARRE,19-Mar-26
859442,-1,180326MARRE,19-Mar-26
903494,-1,180326MARRE,19-Mar-26
904675,-1,180326MARRE,19-Mar-26
914450,-1,180326MARRE,19-Mar-26
917473,-1,180326MARRE,19-Mar-26
927980,-1,180326MARRE,19-Mar-26
939899,-1,180326MARRE,19-Mar-26
946108,-1,180326MARRE,19-Mar-26
950055,-1,180326MARRE,19-Mar-26
986270,-1,180326MARRE,19-Mar-26
994703,-1,180326MARRE,19-Mar-26
72938,-0.97,180326MARRE,19-Mar-26
20763,-0.96,180326MARRE,19-Mar-26
726124,-0.95,180326MARRE,19-Mar-26
946320,-0.95,180326MARRE,19-Mar-26
1192244,-0.95,180326MARRE,19-Mar-26
1385726,-0.94,180326MARRE,19-Mar-26
23453,-0.93,180326MARRE,19-Mar-26
1029856,-0.9,180326MARRE,19-Mar-26
1047795,-0.9,180326MARRE,19-Mar-26
1047795,-0.9,180326MARRE,19-Mar-26
1047795,-0.9,180326MARRE,19-Mar-26
843103,-0.9,180326MARRE,19-Mar-26
888112,-0.9,180326MARRE,19-Mar-26
52084,-0.89008,180326MARRE,19-Mar-26
1005079,-0.89,180326MARRE,19-Mar-26
676063,-0.86,180326MARRE,19-Mar-26
1174129,-0.84,180326MARRE,19-Mar-26
118533,-0.84,180326MARRE,19-Mar-26
87116,-0.84,180326MARRE,19-Mar-26
22757,-0.8192,180326MARRE,19-Mar-26
260768,-0.8,180326MARRE,19-Mar-26
148716,-0.79,180326MARRE,19-Mar-26
156168,-0.79,180326MARRE,19-Mar-26
1173556,-0.78,180326MARRE,19-Mar-26
20383,-0.76,180326MARRE,19-Mar-26
75488,-0.76,180326MARRE,19-Mar-26
23692,-0.7168,180326MARRE,19-Mar-26
903058,-0.7,180326MARRE,19-Mar-26
1064740,-0.64,180326MARRE,19-Mar-26
870324,-0.64,180326MARRE,19-Mar-26
69340,-0.63,180326MARRE,19-Mar-26
22461,-0.62,180326MARRE,19-Mar-26
253724,-0.62,180326MARRE,19-Mar-26
1025939,-0.6,180326MARRE,19-Mar-26
33043,-0.6,180326MARRE,19-Mar-26
1010301,-0.6,180326MARRE,19-Mar-26
259356,-0.58,180326MARRE,19-Mar-26
95218,-0.58,180326MARRE,19-Mar-26
95224,-0.58,180326MARRE,19-Mar-26
1168935,-0.57,180326MARRE,19-Mar-26
1018309,-0.54,180326MARRE,19-Mar-26
720520,-0.53,180326MARRE,19-Mar-26
96065,-0.52,180326MARRE,19-Mar-26
804099,-0.52,180326MARRE,19-Mar-26
20343,-0.512,180326MARRE,19-Mar-26
1170913,-0.51,180326MARRE,19-Mar-26
57184,-0.51,180326MARRE,19-Mar-26
57195,-0.51,180326MARRE,19-Mar-26
745977,-0.5,180326MARRE,19-Mar-26
1006395,-0.5,180326MARRE,19-Mar-26
1006620,-0.5,180326MARRE,19-Mar-26
1015589,-0.5,180326MARRE,19-Mar-26
1016182,-0.5,180326MARRE,19-Mar-26
1025028,-0.5,180326MARRE,19-Mar-26
1025453,-0.5,180326MARRE,19-Mar-26
1026667,-0.5,180326MARRE,19-Mar-26
1027572,-0.5,180326MARRE,19-Mar-26
1028359,-0.5,180326MARRE,19-Mar-26
1048078,-0.5,180326MARRE,19-Mar-26
315350,-0.5,180326MARRE,19-Mar-26
353270,-0.5,180326MARRE,19-Mar-26
654164,-0.5,180326MARRE,19-Mar-26
666891,-0.5,180326MARRE,19-Mar-26
672433,-0.5,180326MARRE,19-Mar-26
691043,-0.5,180326MARRE,19-Mar-26
710173,-0.5,180326MARRE,19-Mar-26
745369,-0.5,180326MARRE,19-Mar-26
746783,-0.5,180326MARRE,19-Mar-26
746822,-0.5,180326MARRE,19-Mar-26
748473,-0.5,180326MARRE,19-Mar-26
748608,-0.5,180326MARRE,19-Mar-26
752363,-0.5,180326MARRE,19-Mar-26
752797,-0.5,180326MARRE,19-Mar-26
752821,-0.5,180326MARRE,19-Mar-26
753093,-0.5,180326MARRE,19-Mar-26
753486,-0.5,180326MARRE,19-Mar-26
757776,-0.5,180326MARRE,19-Mar-26
780469,-0.5,180326MARRE,19-Mar-26
792567,-0.5,180326MARRE,19-Mar-26
800574,-0.5,180326MARRE,19-Mar-26
803297,-0.5,180326MARRE,19-Mar-26
804113,-0.5,180326MARRE,19-Mar-26
806559,-0.5,180326MARRE,19-Mar-26
816684,-0.5,180326MARRE,19-Mar-26
825172,-0.5,180326MARRE,19-Mar-26
837263,-0.5,180326MARRE,19-Mar-26
896526,-0.5,180326MARRE,19-Mar-26
907429,-0.5,180326MARRE,19-Mar-26
972890,-0.5,180326MARRE,19-Mar-26
982418,-0.5,180326MARRE,19-Mar-26
985453,-0.5,180326MARRE,19-Mar-26
999844,-0.5,180326MARRE,19-Mar-26
